Name,Minimum,Maximum,Direction,Sequence (with extension),Length (with extension),Paired Primer,# Local Off-target Sites,%GC,Hairpin Tm,Self Dimer Tm,Tm
934 F,934,953,forward,GGGCTTGACATACACCGGAA,20,"1,130 R",0,55,None,9.5,60
916 F,916,935,forward,ACGCGAAGAACCTTACCTGG,20,"1,131 R",0,55,None,15.9,60
427 F,427,446,forward,ACGGTACCTGCAGAAGAAGC,20,953 R,0,55,None,17.4,60
275 F,275,294,forward,CCACACTGGGACTGAGACAC,20,"1,182 R",0,60,32.7,None,60
"1,182 R",1163,1182,reverse,TAGCATGTGTGAAGCCCTGG,20,275 F,0,55,None,None,60
26 F,26,45,forward,ACATGCAAGTCGAGCGGTAA,20,294 R,0,50,33.9,None,60
294 R,275,294,reverse,GTGTCTCAGTCCCAGTGTGG,20,26 F,0,60,37.3,None,60
"1,130 R",1111,1130,reverse,CACCTTCCTCCGAGTTGACC,20,934 F,0,60,None,None,60
953 R,934,953,reverse,TTCCGGTGTATGTCAAGCCC,20,427 F,0,55,None,None,60
"1,131 R",1112,1131,reverse,CCACCTTCCTCCGAGTTGAC,20,916 F,0,60,None,None,60
,,,,,,,,,,,
Run time: 1.06 s,,,,,,,,,,,
