Primer pair #,Forward primer Sequence (5'->3'),Forward primer Template strand,Forward primer Length,Forward primer Start,Forward primer Stop,Forward primer Tm,Forward primer GC%,Forward primer Self complementarity,Forward primer Self 3' complementarity,Reverse primer Sequence (5'->3'),Reverse primer Template strand,Reverse primer Length,Reverse primer Start,Reverse primer Stop,Reverse primer Tm,Reverse primer GC%,Reverse primer Self complementarity,Reverse primer Self 3' complementarity,Product length
1,AAGAAGCACCGGCTAACTCC,Plus,20,496,515,60.04,55,4,0,TTCACAACACGAGCTGACGA,Minus,20,1082,1063,59.9,50,4,2,587
2,TATTGCACAATGGGCGCAAG,Plus,20,366,385,59.83,50,6,2,GGAGTTAGCCGGTGCTTCTT,Minus,20,515,496,60.04,55,4,0,150
3,CGGTAATACGGAGGGTGCAA,Plus,20,529,548,59.82,55,5,2,GTTCTTCGCGTTGCATCGAA,Minus,20,980,961,59.84,50,6,2,452
4,TTCGATGCAACGCGAAGAAC,Plus,20,961,980,59.84,50,6,0,TTGCGGGACTTAACCCAACA,Minus,20,1103,1084,59.82,50,4,2,143
5,TCGTCAGCTCGTGTTGTGAA,Plus,20,1063,1082,59.9,50,4,1,TTGTAGCACGTGTGTAGCCC,Minus,20,1240,1221,60.32,55,6,0,178
6,TAATACGGAGGGTGCAAGCG,Plus,20,532,551,60.18,55,4,2,GATAAGGGTTGCGCTCGTTG,Minus,20,1120,1101,59.63,55,4,0,589
7,GCAACGCGAAGAACCTTACC,Plus,20,967,986,59.83,55,4,1,TGCGGGACTTAACCCAACAT,Minus,20,1102,1083,59.6,50,4,2,136
8,GAGGAATACCGGTGGCGAAG,Plus,20,712,731,60.53,60,6,0,GGTAAGGTTCTTCGCGTTGC,Minus,20,986,967,59.83,55,4,2,275
9,AGCGGTGAAATGCGTAGAGA,Plus,20,688,707,59.47,50,2,0,AAGGATAAGGGTTGCGCTCG,Minus,20,1123,1104,60.46,55,4,2,436
10,GCAGAAGAAGCACCGGCTAA,Plus,20,492,511,60.67,55,4,1,TGCGCTTTACGCCCAGTAAT,Minus,20,580,561,60.39,50,5,2,89
,,,,,,,,,,,,,,,,,,,
Total run time: 1 min 52.45 s,,,,,,,,,,,,,,,,,,,
